row_id,이름,note,empty
0,행-0,"line 0
continued",
1,행-1,"value, 1",
2,행-2,"value, 2",
3,행-3,"value, 3",
4,행-4,"value, 4",
5,행-5,"value, 5",
6,행-6,"value, 6",
7,행-7,"value, 7",
8,행-8,"value, 8",
9,행-9,"value, 9",
10,행-10,"value, 10",
11,행-11,"value, 11",
12,행-12,"value, 12",
13,행-13,"value, 13",
14,행-14,"value, 14",
15,행-15,"value, 15",
16,행-16,"value, 16",
17,행-17,"value, 17",
18,행-18,"value, 18",
19,행-19,"value, 19",
20,행-20,"value, 20",
21,행-21,"value, 21",
22,행-22,"value, 22",
23,행-23,"value, 23",
24,행-24,"value, 24",
25,행-25,"value, 25",
26,행-26,"value, 26",
27,행-27,"value, 27",
28,행-28,"value, 28",
29,행-29,"value, 29",
30,행-30,"value, 30",
31,행-31,"value, 31",
32,행-32,"value, 32",
33,행-33,"value, 33",
34,행-34,"value, 34",
35,행-35,"value, 35",
36,행-36,"value, 36",
37,행-37,"value, 37",
38,행-38,"value, 38",
39,행-39,"value, 39",
40,행-40,"value, 40",
41,행-41,"value, 41",
42,행-42,"value, 42",
43,행-43,"value, 43",
44,행-44,"value, 44",
45,행-45,"value, 45",
46,행-46,"value, 46",
47,행-47,"value, 47",
48,행-48,"value, 48",
49,행-49,"value, 49",
50,행-50,"line 50
continued",
51,행-51,"value, 51",
52,행-52,"value, 52",
53,행-53,"value, 53",
54,행-54,"value, 54",
55,행-55,"value, 55",
56,행-56,"value, 56",
57,행-57,"value, 57",
58,행-58,"value, 58",
59,행-59,"value, 59",
60,행-60,"value, 60",
61,행-61,"value, 61",
62,행-62,"value, 62",
63,행-63,"value, 63",
64,행-64,"value, 64",
65,행-65,"value, 65",
66,행-66,"value, 66",
67,행-67,"value, 67",
68,행-68,"value, 68",
69,행-69,"value, 69",
70,행-70,"value, 70",
71,행-71,"value, 71",
72,행-72,"value, 72",
73,행-73,"value, 73",
74,행-74,"value, 74",
75,행-75,"value, 75",
76,행-76,"value, 76",
77,행-77,"value, 77",
78,행-78,"value, 78",
79,행-79,"value, 79",
80,행-80,"value, 80",
81,행-81,"value, 81",
82,행-82,"value, 82",
83,행-83,"value, 83",
84,행-84,"value, 84",
85,행-85,"value, 85",
86,행-86,"value, 86",
87,행-87,"value, 87",
88,행-88,"value, 88",
89,행-89,"value, 89",
90,행-90,"value, 90",
91,행-91,"value, 91",
92,행-92,"value, 92",
93,행-93,"value, 93",
94,행-94,"value, 94",
95,행-95,"value, 95",
96,행-96,"value, 96",
97,행-97,"value, 97",
98,행-98,"value, 98",
99,행-99,"value, 99",
100,행-100,"line 100
continued",
101,행-101,"value, 101",
102,행-102,"value, 102",
103,행-103,"value, 103",
104,행-104,"value, 104",
105,행-105,"value, 105",
106,행-106,"value, 106",
107,행-107,"value, 107",
108,행-108,"value, 108",
109,행-109,"value, 109",
110,행-110,"value, 110",
111,행-111,"value, 111",
112,행-112,"value, 112",
113,행-113,"value, 113",
114,행-114,"value, 114",
115,행-115,"value, 115",
116,행-116,"value, 116",
117,행-117,"value, 117",
118,행-118,"value, 118",
119,행-119,"value, 119",
120,행-120,"value, 120",
121,행-121,"value, 121",
122,행-122,"value, 122",
123,행-123,"value, 123",
124,행-124,"value, 124",
125,행-125,"value, 125",
126,행-126,"value, 126",
127,행-127,"value, 127",
128,행-128,"value, 128",
129,행-129,"value, 129",
130,행-130,"value, 130",
131,행-131,"value, 131",
132,행-132,"value, 132",
133,행-133,"value, 133",
134,행-134,"value, 134",
135,행-135,"value, 135",
136,행-136,"value, 136",
137,행-137,"value, 137",
138,행-138,"value, 138",
139,행-139,"value, 139",
140,행-140,"value, 140",
141,행-141,"value, 141",
142,행-142,"value, 142",
143,행-143,"value, 143",
144,행-144,"value, 144",
145,행-145,"value, 145",
146,행-146,"value, 146",
147,행-147,"value, 147",
148,행-148,"value, 148",
149,행-149,"value, 149",
150,행-150,"line 150
continued",
151,행-151,"value, 151",
152,행-152,"value, 152",
153,행-153,"value, 153",
154,행-154,"value, 154",
155,행-155,"value, 155",
156,행-156,"value, 156",
157,행-157,"value, 157",
158,행-158,"value, 158",
159,행-159,"value, 159",
160,행-160,"value, 160",
161,행-161,"value, 161",
162,행-162,"value, 162",
163,행-163,"value, 163",
164,행-164,"value, 164",
165,행-165,"value, 165",
166,행-166,"value, 166",
167,행-167,"value, 167",
168,행-168,"value, 168",
169,행-169,"value, 169",
170,행-170,"value, 170",
171,행-171,"value, 171",
172,행-172,"value, 172",
173,행-173,"value, 173",
174,행-174,"value, 174",
175,행-175,"value, 175",
176,행-176,"value, 176",
177,행-177,"value, 177",
178,행-178,"value, 178",
179,행-179,"value, 179",
180,행-180,"value, 180",
181,행-181,"value, 181",
182,행-182,"value, 182",
183,행-183,"value, 183",
184,행-184,"value, 184",
185,행-185,"value, 185",
186,행-186,"value, 186",
187,행-187,"value, 187",
188,행-188,"value, 188",
189,행-189,"value, 189",
190,행-190,"value, 190",
191,행-191,"value, 191",
192,행-192,"value, 192",
193,행-193,"value, 193",
194,행-194,"value, 194",
195,행-195,"value, 195",
196,행-196,"value, 196",
197,행-197,"value, 197",
198,행-198,"value, 198",
199,행-199,"value, 199",
200,행-200,"line 200
continued",
201,행-201,"value, 201",
202,행-202,"value, 202",
203,행-203,"value, 203",
204,행-204,"value, 204",
205,행-205,"value, 205",
206,행-206,"value, 206",
207,행-207,"value, 207",
208,행-208,"value, 208",
209,행-209,"value, 209",
210,행-210,"value, 210",
211,행-211,"value, 211",
212,행-212,"value, 212",
213,행-213,"value, 213",
214,행-214,"value, 214",
215,행-215,"value, 215",
216,행-216,"value, 216",
217,행-217,"value, 217",
218,행-218,"value, 218",
219,행-219,"value, 219",
220,행-220,"value, 220",
221,행-221,"value, 221",
222,행-222,"value, 222",
223,행-223,"value, 223",
224,행-224,"value, 224",
225,행-225,"value, 225",
226,행-226,"value, 226",
227,행-227,"value, 227",
228,행-228,"value, 228",
229,행-229,"value, 229",
230,행-230,"value, 230",
231,행-231,"value, 231",
232,행-232,"value, 232",
233,행-233,"value, 233",
234,행-234,"value, 234",
235,행-235,"value, 235",
236,행-236,"value, 236",
237,행-237,"value, 237",
238,행-238,"value, 238",
239,행-239,"value, 239",
240,행-240,"value, 240",
241,행-241,"value, 241",
242,행-242,"value, 242",
243,행-243,"value, 243",
244,행-244,"value, 244",
245,행-245,"value, 245",
246,행-246,"value, 246",
247,행-247,"value, 247",
248,행-248,"value, 248",
249,행-249,"value, 249",
250,행-250,"line 250
continued",
251,행-251,"value, 251",
252,행-252,"value, 252",
253,행-253,"value, 253",
254,행-254,"value, 254",
255,행-255,"value, 255",
256,행-256,"value, 256",
257,행-257,"value, 257",
258,행-258,"value, 258",
259,행-259,"value, 259",
260,행-260,"value, 260",
261,행-261,"value, 261",
262,행-262,"value, 262",
263,행-263,"value, 263",
264,행-264,"value, 264",
265,행-265,"value, 265",
266,행-266,"value, 266",
267,행-267,"value, 267",
268,행-268,"value, 268",
269,행-269,"value, 269",
270,행-270,"value, 270",
271,행-271,"value, 271",
272,행-272,"value, 272",
273,행-273,"value, 273",
274,행-274,"value, 274",
275,행-275,"value, 275",
276,행-276,"value, 276",
277,행-277,"value, 277",
278,행-278,"value, 278",
279,행-279,"value, 279",
280,행-280,"value, 280",
281,행-281,"value, 281",
282,행-282,"value, 282",
283,행-283,"value, 283",
284,행-284,"value, 284",
285,행-285,"value, 285",
286,행-286,"value, 286",
287,행-287,"value, 287",
288,행-288,"value, 288",
289,행-289,"value, 289",
290,행-290,"value, 290",
291,행-291,"value, 291",
292,행-292,"value, 292",
293,행-293,"value, 293",
294,행-294,"value, 294",
295,행-295,"value, 295",
296,행-296,"value, 296",
297,행-297,"value, 297",
298,행-298,"value, 298",
299,행-299,"value, 299",
300,행-300,"line 300
continued",
301,행-301,"value, 301",
302,행-302,"value, 302",
303,행-303,"value, 303",
304,행-304,"value, 304",
305,행-305,"value, 305",
306,행-306,"value, 306",
307,행-307,"value, 307",
308,행-308,"value, 308",
309,행-309,"value, 309",
310,행-310,"value, 310",
311,행-311,"value, 311",
312,행-312,"value, 312",
313,행-313,"value, 313",
314,행-314,"value, 314",
315,행-315,"value, 315",
316,행-316,"value, 316",
317,행-317,"value, 317",
318,행-318,"value, 318",
319,행-319,"value, 319",
320,행-320,"value, 320",
321,행-321,"value, 321",
322,행-322,"value, 322",
323,행-323,"value, 323",
324,행-324,"value, 324",
325,행-325,"value, 325",
326,행-326,"value, 326",
327,행-327,"value, 327",
328,행-328,"value, 328",
329,행-329,"value, 329",
330,행-330,"value, 330",
331,행-331,"value, 331",
332,행-332,"value, 332",
333,행-333,"value, 333",
334,행-334,"value, 334",
335,행-335,"value, 335",
336,행-336,"value, 336",
337,행-337,"value, 337",
338,행-338,"value, 338",
339,행-339,"value, 339",
340,행-340,"value, 340",
341,행-341,"value, 341",
342,행-342,"value, 342",
343,행-343,"value, 343",
344,행-344,"value, 344",
345,행-345,"value, 345",
346,행-346,"value, 346",
347,행-347,"value, 347",
348,행-348,"value, 348",
349,행-349,"value, 349",
350,행-350,"line 350
continued",
351,행-351,"value, 351",
352,행-352,"value, 352",
353,행-353,"value, 353",
354,행-354,"value, 354",
355,행-355,"value, 355",
356,행-356,"value, 356",
357,행-357,"value, 357",
358,행-358,"value, 358",
359,행-359,"value, 359",
360,행-360,"value, 360",
361,행-361,"value, 361",
362,행-362,"value, 362",
363,행-363,"value, 363",
364,행-364,"value, 364",
365,행-365,"value, 365",
366,행-366,"value, 366",
367,행-367,"value, 367",
368,행-368,"value, 368",
369,행-369,"value, 369",
370,행-370,"value, 370",
371,행-371,"value, 371",
372,행-372,"value, 372",
373,행-373,"value, 373",
374,행-374,"value, 374",
375,행-375,"value, 375",
376,행-376,"value, 376",
377,행-377,"value, 377",
378,행-378,"value, 378",
379,행-379,"value, 379",
380,행-380,"value, 380",
381,행-381,"value, 381",
382,행-382,"value, 382",
383,행-383,"value, 383",
384,행-384,"value, 384",
385,행-385,"value, 385",
386,행-386,"value, 386",
387,행-387,"value, 387",
388,행-388,"value, 388",
389,행-389,"value, 389",
390,행-390,"value, 390",
391,행-391,"value, 391",
392,행-392,"value, 392",
393,행-393,"value, 393",
394,행-394,"value, 394",
395,행-395,"value, 395",
396,행-396,"value, 396",
397,행-397,"value, 397",
398,행-398,"value, 398",
399,행-399,"value, 399",
400,행-400,"line 400
continued",
401,행-401,"value, 401",
402,행-402,"value, 402",
403,행-403,"value, 403",
404,행-404,"value, 404",
405,행-405,"value, 405",
406,행-406,"value, 406",
407,행-407,"value, 407",
408,행-408,"value, 408",
409,행-409,"value, 409",
410,행-410,"value, 410",
411,행-411,"value, 411",
412,행-412,"value, 412",
413,행-413,"value, 413",
414,행-414,"value, 414",
415,행-415,"value, 415",
416,행-416,"value, 416",
417,행-417,"value, 417",
418,행-418,"value, 418",
419,행-419,"value, 419",
420,행-420,"value, 420",
421,행-421,"value, 421",
422,행-422,"value, 422",
423,행-423,"value, 423",
424,행-424,"value, 424",
425,행-425,"value, 425",
426,행-426,"value, 426",
427,행-427,"value, 427",
428,행-428,"value, 428",
429,행-429,"value, 429",
430,행-430,"value, 430",
431,행-431,"value, 431",
432,행-432,"value, 432",
433,행-433,"value, 433",
434,행-434,"value, 434",
435,행-435,"value, 435",
436,행-436,"value, 436",
437,행-437,"value, 437",
438,행-438,"value, 438",
439,행-439,"value, 439",
440,행-440,"value, 440",
441,행-441,"value, 441",
442,행-442,"value, 442",
443,행-443,"value, 443",
444,행-444,"value, 444",
445,행-445,"value, 445",
446,행-446,"value, 446",
447,행-447,"value, 447",
448,행-448,"value, 448",
449,행-449,"value, 449",
